{
  "meta": {
    "source": "BACI viz subset (distance-based MDS embedding)",
    "countries": 21,
    "radius": 60.0,
    "note": "This is a trade-distance embedding, not geographic coordinates."
  },
  "countries": [
    "BEL",
    "CAN",
    "CHE",
    "CHN",
    "DEU",
    "ESP",
    "FRA",
    "GBR",
    "HKG",
    "IND",
    "ITA",
    "JPN",
    "KOR",
    "MEX",
    "MYS",
    "NLD",
    "POL",
    "RUS",
    "SAU",
    "SGP",
    "USA"
  ],
  "embedding_2d": [
    [
      0.0,
      0.09934733235846131
    ],
    [
      0.4494028161981286,
      1.0
    ],
    [
      0.04905880646775257,
      0.0961424163964954
    ],
    [
      0.993866537910403,
      0.157101821650023
    ],
    [
      0.0932571446141863,
      0.09127400040276451
    ],
    [
      0.14619961501285367,
      0.23552283029912272
    ],
    [
      0.016564400953779614,
      0.12133777315061682
    ],
    [
      0.03611191775321486,
      0.14725235932144914
    ],
    [
      0.9750810398239014,
      0.08251552328429979
    ],
    [
      0.7457128844852533,
      0.07308318815860251
    ],
    [
      0.14241532055248193,
      0.12029246195473305
    ],
    [
      0.9371280067494941,
      0.2617921167585085
    ],
    [
      0.963379994572761,
      0.20276502411378172
    ],
    [
      0.532292728905769,
      0.9216331429573784
    ],
    [
      1.0,
      0.0
    ],
    [
      0.019509759702484572,
      0.10637412577090878
    ],
    [
      0.2074303229074291,
      0.07386835807141419
    ],
    [
      0.33960016255456166,
      0.13032671072346566
    ],
    [
      0.5600668629506523,
      0.07531769173480138
    ],
    [
      0.999487827599179,
      0.019856234152702785
    ],
    [
      0.43531887482870607,
      0.9972063826438833
    ]
  ],
  "embedding_3d": [
    [
      -18.42397708703263,
      -57.10128779893232,
      -2.2562864567198687e-15
    ],
    [
      3.489840439400281e-15,
      60.0,
      -1.1484127095618435e-15
    ],
    [
      -17.006896061937585,
      -57.28389291156747,
      -5.414896050204654
    ],
    [
      -28.404202749304716,
      -52.839396850316774,
      1.0951742651854894
    ],
    [
      -14.139117314873841,
      -57.550161950182165,
      -9.384253889576893
    ],
    [
      -24.55265717509944,
      -44.31147968183899,
      -32.15057999551498
    ],
    [
      -22.200947708382035,
      -55.69326887831848,
      -2.31899169834847
    ],
    [
      -26.09063044089805,
      -53.69352673536044,
      -6.023635938170337
    ],
    [
      -15.192058173231942,
      -57.99525613136297,
      2.398256599853675
    ],
    [
      0.36778056015779076,
      -58.4254831637932,
      13.650188809569169
    ],
    [
      -13.851263087810532,
      -55.76627171975893,
      -17.270363324211573
    ],
    [
      -40.58231329552902,
      -40.82592668140326,
      16.92097982352718
    ],
    [
      -34.7469212346602,
      -48.23284155766731,
      8.139069970536026
    ],
    [
      14.323053583663594,
      58.190781173964744,
      2.9467138312451406
    ],
    [
      -3.67394039744206e-15,
      -60.0,
      4.499279347985573e-31
    ],
    [
      -19.532238040814228,
      -56.68069286348643,
      -2.4063943218201733
    ],
    [
      -3.647068499722016,
      -58.39162253026983,
      -13.308542731675027
    ],
    [
      12.747721141237658,
      -55.04079077496322,
      -20.19918207680614
    ],
    [
      13.075077617119764,
      -58.32818664721572,
      5.183144581608688
    ],
    [
      -3.740365671063906,
      -59.88329917232183,
      0.012036815455095608
    ],
    [
      0.4836871557595734,
      59.997689254835585,
      -0.2081605523137597
    ]
  ],
  "embeddings": {
    "BEL": {
      "x2": 0.0,
      "y2": 0.09934733235846131,
      "lon": -3.141592653589793,
      "lat": -1.2586874773038108,
      "x": -18.42397708703263,
      "y": -57.10128779893232,
      "z": -2.2562864567198687e-15
    },
    "CAN": {
      "x2": 0.4494028161981286,
      "y2": 1.0,
      "lon": -0.3179114818485833,
      "lat": 1.5707963267948966,
      "x": 3.489840439400281e-15,
      "y": 60.0,
      "z": -1.1484127095618435e-15
    },
    "CHE": {
      "x2": 0.04905880646775257,
      "y2": 0.0961424163964954,
      "lon": -2.8333470816038435,
      "lat": -1.2687560177452957,
      "x": -17.006896061937585,
      "y": -57.28389291156747,
      "z": -5.414896050204654
    },
    "CHN": {
      "x2": 0.993866537910403,
      "y2": 0.157101821650023,
      "lon": 3.1030549747062945,
      "lat": -1.0772463980336104,
      "x": -28.404202749304716,
      "y": -52.839396850316774,
      "z": 1.0951742651854894
    },
    "DEU": {
      "x2": 0.0932571446141863,
      "y2": 0.09127400040276451,
      "lon": -2.555640732760416,
      "lat": -1.2840505976658199,
      "x": -14.139117314873841,
      "y": -57.550161950182165,
      "z": -9.384253889576893
    },
    "ESP": {
      "x2": 0.14619961501285367,
      "y2": 0.23552283029912272,
      "lon": -2.2229933806257187,
      "lat": -0.8308795333744972,
      "x": -24.55265717509944,
      "y": -44.31147968183899,
      "z": -32.15057999551498
    },
    "FRA": {
      "x2": 0.016564400953779614,
      "y2": 0.12133777315061682,
      "lon": -3.0375154528947736,
      "lat": -1.1896024700619738,
      "x": -22.200947708382035,
      "y": -55.69326887831848,
      "z": -2.31899169834847
    },
    "GBR": {
      "x2": 0.03611191775321486,
      "y2": 0.14725235932144914,
      "lon": -2.914694782548716,
      "lat": -1.1081893965268674,
      "x": -26.09063044089805,
      "y": -53.69352673536044,
      "z": -6.023635938170337
    },
    "HKG": {
      "x2": 0.9750810398239014,
      "y2": 0.08251552328429979,
      "lon": 2.985022209141137,
      "lat": -1.3115661650378228,
      "x": -15.192058173231942,
      "y": -57.99525613136297,
      "z": 2.398256599853675
    },
    "IND": {
      "x2": 0.7457128844852533,
      "y2": 0.07308318815860251,
      "lon": 1.5438595855824584,
      "lat": -1.3411987197749105,
      "x": 0.36778056015779076,
      "y": -58.4254831637932,
      "z": 13.650188809569169
    },
    "ITA": {
      "x2": 0.14241532055248193,
      "y2": 0.12029246195473305,
      "lon": -2.2467708039771677,
      "lat": -1.1928864120356777,
      "x": -13.851263087810532,
      "y": -55.76627171975893,
      "z": -17.270363324211573
    },
    "JPN": {
      "x2": 0.9371280067494941,
      "y2": 0.2617921167585085,
      "lon": 2.7465562693651204,
      "lat": -0.7483521360186449,
      "x": -40.58231329552902,
      "y": -40.82592668140326,
      "z": 16.92097982352718
    },
    "KOR": {
      "x2": 0.963379994572761,
      "y2": 0.20276502411378172,
      "lon": 2.9115023735405283,
      "lat": -0.9337912166340826,
      "x": -34.7469212346602,
      "y": -48.23284155766731,
      "z": 8.139069970536026
    },
    "MEX": {
      "x2": 0.532292728905769,
      "y2": 0.9216331429573784,
      "lon": 0.202901199789461,
      "lat": 1.324599584424875,
      "x": 14.323053583663594,
      "y": 58.190781173964744,
      "z": 2.9467138312451406
    },
    "MYS": {
      "x2": 1.0,
      "y2": 0.0,
      "lon": 3.141592653589793,
      "lat": -1.5707963267948966,
      "x": -3.67394039744206e-15,
      "y": -60.0,
      "z": 4.499279347985573e-31
    },
    "NLD": {
      "x2": 0.019509759702484572,
      "y2": 0.10637412577090878,
      "lon": -3.0190092180805377,
      "lat": -1.236612154740973,
      "x": -19.532238040814228,
      "y": -56.68069286348643,
      "z": -2.4063943218201733
    },
    "POL": {
      "x2": 0.2074303229074291,
      "y2": 0.07386835807141419,
      "lon": -1.8382694964343171,
      "lat": -1.3387320357450014,
      "x": -3.647068499722016,
      "y": -58.39162253026983,
      "z": -13.308542731675027
    },
    "RUS": {
      "x2": 0.33960016255456166,
      "y2": 0.13032671072346566,
      "lon": -1.0078219019111723,
      "lat": -1.1613628898195347,
      "x": 12.747721141237658,